<?xml version="1.0" encoding="UTF-8"?>
<configuration scan="true" scanPeriod="60 seconds" debug="false">

    <!-- 保存路径-->
    <property name="logDir" value="./echo-temp-logs"/>
    <!-- 保存日志天数-->
    <property name="maxHistory" value="3"/>

    <property name="errorMaxHistory" value="30"/>
    <!-- 项目名-->
    <property name="projectName" value="echo-client"/>

    <property name="normal-pattern"
              value="[%d [%t] %5p %c{50}:%L]  [taskId=%X{taskId}] %m%n"/>
    <!--设置命令行颜色-->
    <property name="CONSOLE_LOG_PATTERN"
              value="%date{yyyy-MM-dd HH:mm:ss} | %magenta(%-5level) | %cyan(%thread) | %boldGreen(%logger) | %cyan(%msg%n)"/>


    <appender name="FILE" class="ch.qos.logback.core.rolling.RollingFileAppender">
        <file>${logDir}/${projectName}/${projectName}.log</file>
        <rollingPolicy class="ch.qos.logback.core.rolling.TimeBasedRollingPolicy">
            <fileNamePattern>${logDir}/${projectName}/${projectName}-%d{yyyy-MM-dd}.zip</fileNamePattern>
            <maxHistory>${maxHistory}</maxHistory>
        </rollingPolicy>
        <encoder>
            <pattern>${normal-pattern}</pattern>
        </encoder>
    </appender>

    <appender name="ERROR" class="ch.qos.logback.core.rolling.RollingFileAppender">
        <filter class="ch.qos.logback.classic.filter.LevelFilter">
            <level>ERROR</level>
            <onMatch>ACCEPT</onMatch>
            <onMismatch>DENY</onMismatch>
        </filter>
        <file>${logDir}/${projectName}/${projectName}-error.log</file>
        <rollingPolicy class="ch.qos.logback.core.rolling.TimeBasedRollingPolicy">
            <fileNamePattern>${logDir}/${projectName}/${projectName}-error-%d{yyyy-MM-dd}.zip</fileNamePattern>
            <maxHistory>${errorMaxHistory}</maxHistory>
        </rollingPolicy>
        <encoder>
            <pattern>${normal-pattern}</pattern>
        </encoder>
    </appender>


    <!-- Console output -->
    <appender name="STDOUT" class="ch.qos.logback.core.ConsoleAppender">
        <encoder>
            <!--<pattern>%-5level %logger{36} - %msg%n</pattern>-->
            <pattern>${CONSOLE_LOG_PATTERN}</pattern>
        </encoder>

    </appender>
    <!--通过配置报名及level  可以选择去掉第三方过多的日志 -->

    <!-- 脚本安装相关的日志，只显示在控制台 -->
    <logger name="com.virjar.echo.client.installer" level="INFO" additivity="false">
        <appender-ref ref="STDOUT"/>
    </logger>

    <root level="INFO">
        <appender-ref ref="FILE"/>
        <appender-ref ref="ERROR"/>
    </root>

</configuration>