<?xml version="1.0" encoding="UTF-8"?>
<metadata>
  <groupId>com.virjar.proxy</groupId>
  <artifactId>echo-client</artifactId>
  <versioning>
    <release>1.0</release>
    <versions>
      <version>1.4</version>
      <version>4.0.44.Final</version>
      <version>1.2.68</version>
      <version>1.3.1</version>
      <version>3.5</version>
      <version>2.6</version>
      <version>1.2.3</version>
      <version>1.7.25</version>
      <version>2.0.0</version>
      <version>1.1.6</version>
      <version>1.0</version>
    </versions>
    <lastUpdated>20210225095656</lastUpdated>
  </versioning>
</metadata>
